{
  "meta": {
    "cache_dir": "/path/to/data/cache/",
    "split": "train",
    "manifest": "/path/to/data/cache/manifest_train.jsonl",
    "num_files": 14482,
    "world_size": 4,
    "latent_channels": 16,
    "stored_scaled_latents_present": false
  },
  "z_hist": {
    "count": 1897721280,
    "mean": -0.4955289629633051,
    "std": 2.8746288629075867,
    "min": -78.0,
    "max": 85.5,
    "per_channel": {
      "count": 118607580,
      "mean": [
        -1.313966421763914,
        0.21323150416955317,
        -0.3630585327104757,
        -1.3032486954354943,
        -1.2739126060604742,
        1.6834915674284212,
        -1.7337629408411197,
        -1.2997515272802844,
        0.16197931741573945,
        -0.015515407981014787,
        0.5246829794487908,
        0.12480619750578358,
        -0.5244942838682546,
        -2.798468037778451,
        -0.4734257228074879,
        0.4629492031458006
      ],
      "std": [
        2.8018844501496276,
        2.5823229132167427,
        4.667456032497041,
        3.5985896153415022,
        1.8791777487173271,
        2.192144825125429,
        3.7680370393325058,
        1.580642600787516,
        3.428698248573949,
        1.2382202559465032,
        1.026684943695889,
        2.093619238918761,
        4.16252805491743,
        0.9774024226779104,
        0.9348788447065912,
        1.5356014092148664
      ],
      "min": [
        -44.25,
        -32.75,
        -65.0,
        -50.75,
        -35.0,
        -35.5,
        -68.5,
        -21.25,
        -69.0,
        -18.125,
        -13.25,
        -27.875,
        -78.0,
        -17.75,
        -16.625,
        -28.0
      ],
      "max": [
        38.5,
        36.0,
        61.5,
        46.5,
        35.25,
        46.25,
        76.0,
        20.0,
        63.0,
        18.875,
        14.4375,
        35.0,
        85.5,
        12.4375,
        18.875,
        31.875
      ]
    }
  },
  "z_fut": {
    "count": 1897721280,
    "mean": -0.41727802928887503,
    "std": 4.880809592701535,
    "min": -74.0,
    "max": 76.0,
    "per_channel": {
      "count": 118607580,
      "mean": [
        -1.557083421554594,
        0.3172427000248132,
        -0.48347329621940976,
        -1.4038893093413514,
        -1.0643513217446132,
        1.927724311526049,
        -1.343637177154412,
        -1.2259031680947425,
        -0.24902889941436407,
        0.0887856845100764,
        0.5528459856144917,
        0.2383213092570423,
        -0.02800258232600191,
        -2.7276709012259057,
        -0.3694174687085387,
        0.6510890862294606
      ],
      "std": [
        5.019405937762653,
        4.651403811709968,
        8.398733463138644,
        6.48480507876292,
        3.3109174027919575,
        3.8443496084984643,
        6.626866731377478,
        2.843410442509871,
        6.045982616523426,
        2.1929968007466916,
        1.8096266701013313,
        3.723547063448193,
        7.3459646481273815,
        1.750038331383699,
        1.639322227573166,
        2.6913292716025015
      ],
      "min": [
        -42.0,
        -31.625,
        -59.5,
        -47.25,
        -33.5,
        -35.0,
        -67.0,
        -20.875,
        -61.75,
        -17.125,
        -12.0,
        -30.5,
        -74.0,
        -17.0,
        -16.375,
        -26.5
      ],
      "max": [
        36.0,
        33.25,
        57.75,
        43.25,
        31.625,
        41.75,
        67.0,
        19.25,
        59.5,
        18.0,
        13.125,
        33.75,
        76.0,
        11.8125,
        16.625,
        28.875
      ]
    }
  },
  "z_all": {
    "count": 3795442560,
    "mean": -0.45640349612609005,
    "std": 4.005549586759548,
    "min": -78.0,
    "max": 85.5,
    "per_channel": {
      "count": 237215160,
      "mean": [
        -1.435524921659254,
        0.26523710209718315,
        -0.42326591446494277,
        -1.3535690023884228,
        -1.1691319639025437,
        1.805607939477235,
        -1.538700058997766,
        -1.2628273476875134,
        -0.043524790999312314,
        0.03663513826453081,
        0.5387644825316413,
        0.18156375338141295,
        -0.27624843309712827,
        -2.7630694695021787,
        -0.4214215957580133,
        0.5570191446876306
      ],
      "std": [
        4.066604565102863,
        3.762270472211286,
        6.7945242459562,
        5.244406944344462,
        2.694015685303913,
        3.1316407571216778,
        5.393957955943178,
        2.300667377748866,
        4.91906197136347,
        1.7815532168965462,
        1.4712625931851873,
        3.021132824917037,
        5.9754953110333044,
        1.417825055223831,
        1.3354371341541569,
        2.193059876516202
      ],
      "min": [
        -44.25,
        -32.75,
        -65.0,
        -50.75,
        -35.0,
        -35.5,
        -68.5,
        -21.25,
        -69.0,
        -18.125,
        -13.25,
        -30.5,
        -78.0,
        -17.75,
        -16.625,
        -28.0
      ],
      "max": [
        38.5,
        36.0,
        61.5,
        46.5,
        35.25,
        46.25,
        76.0,
        20.0,
        63.0,
        18.875,
        14.4375,
        35.0,
        85.5,
        12.4375,
        18.875,
        31.875
      ]
    }
  },
  "suggested_latent_scale": 0.24965363137820762
}
